username,areaid,stationId
bike1,1,ST-507
bike1,1,ST-1645
bike1,1,ST-509
bike1,1,ST-831
bike1,1,ST-1932
bike1,1,ST-742
bike1,1,ST-510
bike1,1,ST-1552
bike1,1,ST-1062
bike1,1,ST-626
bike1,1,ST-1648
bike1,1,ST-508
bike1,1,ST-1925
bike1,1,ST-628
bike1,1,ST-511
bike1,1,ST-1695
bike1,1,ST-1162
bike1,1,ST-828
bike1,1,ST-1939
bike1,1,ST-925
bike2,2,ST-926
bike2,2,ST-1536
bike2,2,ST-824
bike2,2,ST-744
bike2,2,ST-1252
bike2,2,ST-1901
bike2,2,ST-1402
bike2,2,ST-975
bike2,2,ST-1955
bike2,2,ST-743
bike2,2,ST-1518
bike2,2,ST-741
bike2,2,ST-1956
bike2,2,ST-633
bike2,2,ST-629
bike2,2,ST-630
bike2,2,ST-1727
bike2,2,ST-1533
bike2,2,ST-1676
bike2,2,ST-2022
bike3,3,ST-660
bike3,3,ST-634
bike3,3,ST-512
bike3,3,ST-1253
bike3,3,ST-1313
bike3,3,ST-1948
bike3,3,ST-1254
bike3,3,ST-1919
bike3,3,ST-881
bike3,3,ST-1944
bike3,3,ST-1314
bike3,3,ST-1338
bike3,3,ST-2411
bike3,3,ST-1952
bike3,3,ST-1936
bike3,3,ST-880
bike3,3,ST-1935
bike3,3,ST-1947
bike3,3,ST-642
bike3,3,ST-2050
bike4,4,ST-2416
bike4,4,ST-1949
bike4,4,ST-514
bike4,4,ST-1311
bike4,4,ST-1012
bike4,4,ST-1950
bike4,4,ST-1146
bike4,4,ST-631
bike4,4,ST-1147
bike4,4,ST-1937
bike4,4,ST-2419
bike4,4,ST-929
bike4,4,ST-1312
bike4,4,ST-513
bike4,4,ST-2052
bike4,4,ST-1940
bike4,4,ST-1514
bike4,4,ST-872
bike4,4,ST-2412
bike4,4,ST-1921
bike5,5,ST-774
bike5,5,ST-2390
bike5,5,ST-1143
bike5,5,ST-1934
bike5,5,ST-1946
bike5,5,ST-771
bike5,5,ST-1953
bike5,5,ST-1064
bike5,5,ST-1710
bike5,5,ST-1148
bike5,5,ST-1233
bike5,5,ST-1954
bike5,5,ST-2058
bike5,5,ST-1315
bike5,5,ST-1352
bike5,5,ST-1933
bike5,5,ST-1709
bike5,5,ST-1945
bike5,5,ST-1167
bike5,5,ST-890
bike6,6,ST-1715
bike6,6,ST-1248
bike6,6,ST-1010
bike6,6,ST-1891
bike6,6,ST-1708
bike6,6,ST-1003
bike6,6,ST-707
bike6,6,ST-2045
bike6,6,ST-778
bike6,6,ST-2031
bike6,6,ST-779
bike6,6,ST-639
bike6,6,ST-2417
bike6,6,ST-1689
bike6,6,ST-632
bike6,6,ST-1718
bike6,6,ST-661
bike6,6,ST-1547
bike6,6,ST-2046
bike6,6,ST-2032
bike7,7,ST-1231
bike7,7,ST-2049
bike7,7,ST-1267
bike7,7,ST-2056
bike7,7,ST-2384
bike7,7,ST-2035
bike7,7,ST-889
bike7,7,ST-781
bike7,7,ST-721
bike7,7,ST-2036
bike7,7,ST-636
bike7,7,ST-1732
bike7,7,ST-1498
bike7,7,ST-321
bike7,7,ST-773
bike7,7,ST-1517
bike7,7,ST-1734
bike7,7,ST-320
bike7,7,ST-1310
bike7,7,ST-1892
bike8,8,ST-1011
bike8,8,ST-772
bike8,8,ST-886
bike8,8,ST-1004
bike8,8,ST-637
bike8,8,ST-951
bike8,8,ST-2044
bike8,8,ST-2033
bike8,8,ST-2034
bike8,8,ST-2008
bike8,8,ST-1656
bike8,8,ST-2375
bike8,8,ST-1688
bike8,8,ST-623
bike8,8,ST-1757
bike8,8,ST-2030
bike8,8,ST-2057
bike8,8,ST-1658
bike8,8,ST-1527
bike8,8,ST-1166
bike9,9,ST-1714
bike9,9,ST-638
bike9,9,ST-775
bike9,9,ST-879
bike9,9,ST-432
bike9,9,ST-2003
bike9,9,ST-1528
bike9,9,ST-1694
bike9,9,ST-1534
bike9,9,ST-885
bike9,9,ST-2047
bike9,9,ST-1398
bike9,9,ST-1713
bike9,9,ST-1712
bike9,9,ST-722
bike9,9,ST-754
bike9,9,ST-2048
bike9,9,ST-1563
bike9,9,ST-1678
bike9,9,ST-1407
bike10,10,ST-2042
bike10,10,ST-523
bike10,10,ST-625
bike10,10,ST-1993
bike10,10,ST-2027
bike10,10,ST-705
bike10,10,ST-1007
bike10,10,ST-1562
bike10,10,ST-622
bike10,10,ST-2428
bike10,10,ST-1235
bike10,10,ST-1065
bike10,10,ST-835
bike10,10,ST-770
bike10,10,ST-1711
bike10,10,ST-2040
bike10,10,ST-755
bike10,10,ST-1417
bike10,10,ST-1168
bike10,10,ST-1703
bike11,11,ST-2038
bike11,11,ST-1958
bike11,11,ST-537
bike11,11,ST-1361
bike11,11,ST-1579
bike11,11,ST-2037
bike11,11,ST-2041
bike11,11,ST-958
bike11,11,ST-1156
bike11,11,ST-1307
bike11,11,ST-1941
bike11,11,ST-876
bike11,11,ST-1141
bike11,11,ST-1239
bike11,11,ST-319
bike11,11,ST-635
bike11,11,ST-524
bike11,11,ST-1500
bike11,11,ST-713
bike11,11,ST-756
bike12,12,ST-2389
bike12,12,ST-316
bike12,12,ST-2393
bike12,12,ST-1142
bike12,12,ST-1260
bike12,12,ST-1957
bike12,12,ST-1262
bike12,12,ST-829
bike12,12,ST-1561
bike12,12,ST-874
bike12,12,ST-1251
bike12,12,ST-2026
bike12,12,ST-2028
bike12,12,ST-1364
bike12,12,ST-1149
bike12,12,ST-1016
bike12,12,ST-1959
bike12,12,ST-525
bike12,12,ST-712
bike12,12,ST-924
bike13,13,ST-1014
bike13,13,ST-1861
bike13,13,ST-1243
bike13,13,ST-871
bike13,13,ST-1140
bike13,13,ST-1144
bike13,13,ST-1229
bike13,13,ST-1578
bike13,13,ST-317
bike13,13,ST-526
bike13,13,ST-2399
bike13,13,ST-1501
bike13,13,ST-641
bike13,13,ST-821
bike13,13,ST-834
bike13,13,ST-1308
bike13,13,ST-906
bike13,13,ST-887
bike13,13,ST-1351
bike13,13,ST-1416
bike14,14,ST-1537
bike14,14,ST-1917
bike14,14,ST-753
bike14,14,ST-724
bike14,14,ST-1535
bike14,14,ST-1526
bike14,14,ST-527
bike14,14,ST-719
bike14,14,ST-536
bike14,14,ST-1230
bike14,14,ST-1860
bike14,14,ST-1418
bike14,14,ST-1165
bike14,14,ST-1250
bike14,14,ST-709
bike14,14,ST-678
bike14,14,ST-538
bike14,14,ST-2029
bike14,14,ST-875
bike14,14,ST-2023
bike15,15,ST-674
bike15,15,ST-1067
bike15,15,ST-2370
bike15,15,ST-1646
bike15,15,ST-535
bike15,15,ST-1871
bike15,15,ST-907
bike15,15,ST-1519
bike15,15,ST-2362
bike15,15,ST-2059
bike15,15,ST-1069
bike15,15,ST-1557
bike15,15,ST-318
bike15,15,ST-2024
bike15,15,ST-640
bike15,15,ST-1008
bike15,15,ST-1085
bike15,15,ST-2383
bike15,15,ST-2015
bike15,15,ST-624
bike16,16,ST-676
bike16,16,ST-883
bike16,16,ST-1565
bike16,16,ST-1082
bike16,16,ST-1520
bike16,16,ST-720
bike16,16,ST-679
bike16,16,ST-677
bike16,16,ST-704
bike16,16,ST-2382
bike16,16,ST-1960
bike16,16,ST-1277
bike16,16,ST-1877
bike16,16,ST-905
bike16,16,ST-1510
bike16,16,ST-2005
bike16,16,ST-545
bike16,16,ST-1511
bike16,16,ST-996
bike16,16,ST-313
bike17,17,ST-1592
bike17,17,ST-965
bike17,17,ST-995
bike17,17,ST-993
bike17,17,ST-1403
bike17,17,ST-2394
bike17,17,ST-920
bike17,17,ST-952
bike17,17,ST-1918
bike17,17,ST-314
bike17,17,ST-1512
bike17,17,ST-1005
bike17,17,ST-2025
bike17,17,ST-1938
bike17,17,ST-518
bike17,17,ST-900
bike17,17,ST-2020
bike17,17,ST-1560
bike17,17,ST-899
bike17,17,ST-1249
bike18,18,ST-715
bike18,18,ST-1224
bike18,18,ST-957
bike18,18,ST-870
bike18,18,ST-1504
bike18,18,ST-1337
bike18,18,ST-531
bike18,18,ST-1499
bike18,18,ST-1522
bike18,18,ST-1509
bike18,18,ST-1227
bike18,18,ST-729
bike18,18,ST-1276
bike18,18,ST-530
bike18,18,ST-1265
bike18,18,ST-768
bike18,18,ST-1523
bike18,18,ST-904
bike18,18,ST-516
bike18,18,ST-901
bike19,19,ST-717
bike19,19,ST-2373
bike19,19,ST-1548
bike19,19,ST-528
bike19,19,ST-2001
bike19,19,ST-533
bike19,19,ST-763
bike19,19,ST-1400
bike19,19,ST-1961
bike19,19,ST-2013
bike19,19,ST-2395
bike19,19,ST-1228
bike19,19,ST-902
bike19,19,ST-532
bike19,19,ST-1894
bike19,19,ST-1657
bike19,19,ST-620
bike19,19,ST-1922
bike19,19,ST-534
bike19,19,ST-1264
bike20,20,ST-936
bike20,20,ST-822
bike20,20,ST-1739
bike20,20,ST-2374
bike20,20,ST-714
bike20,20,ST-1013
bike20,20,ST-431
bike20,20,ST-1654
bike20,20,ST-1735
bike20,20,ST-519
bike20,20,ST-428
bike20,20,ST-2380
bike20,20,ST-833
bike20,20,ST-520
bike20,20,ST-820
bike20,20,ST-309
bike20,20,ST-2396
bike20,20,ST-2363
bike20,20,ST-1996
bike20,20,ST-1226
bike21,21,ST-675
bike21,21,ST-919
bike21,21,ST-1753
bike21,21,ST-2000
bike21,21,ST-976
bike21,21,ST-937
bike21,21,ST-2011
bike21,21,ST-903
bike21,21,ST-2012
bike21,21,ST-310
bike21,21,ST-767
bike21,21,ST-1888
bike21,21,ST-1306
bike21,21,ST-312
bike21,21,ST-1000
bike21,21,ST-2014
bike21,21,ST-884
bike21,21,ST-517
bike21,21,ST-702
bike21,21,ST-708
bike22,22,ST-315
bike22,22,ST-1893
bike22,22,ST-1152
bike22,22,ST-2355
bike22,22,ST-2016
bike22,22,ST-1531
bike22,22,ST-2017
bike22,22,ST-934
bike22,22,ST-1997
bike22,22,ST-1006
bike22,22,ST-2379
bike22,22,ST-1360
bike22,22,ST-1696
bike22,22,ST-997
bike22,22,ST-1259
bike22,22,ST-1962
bike22,22,ST-1507
bike22,22,ST-764
bike22,22,ST-2364
bike22,22,ST-1521
bike23,23,ST-994
bike23,23,ST-923
bike23,23,ST-1529
bike23,23,ST-1856
bike23,23,ST-1404
bike23,23,ST-1963
bike23,23,ST-752
bike23,23,ST-723
bike23,23,ST-2018
bike23,23,ST-766
bike23,23,ST-2398
bike23,23,ST-666
bike23,23,ST-668
bike23,23,ST-1241
bike23,23,ST-308
bike23,23,ST-1566
bike23,23,ST-816
bike23,23,ST-2397
bike23,23,ST-1508
bike23,23,ST-1238
bike24,24,ST-1995
bike24,24,ST-1999
bike24,24,ST-1002
bike24,24,ST-1497
bike24,24,ST-882
bike24,24,ST-1559
bike24,24,ST-1506
bike24,24,ST-1406
bike24,24,ST-621
bike24,24,ST-725
bike24,24,ST-1219
bike24,24,ST-1731
bike24,24,ST-1154
bike24,24,ST-1505
bike24,24,ST-760
bike24,24,ST-1084
bike24,24,ST-1309
bike24,24,ST-1571
bike24,24,ST-1018
bike24,24,ST-311
bike25,25,ST-731
bike25,25,ST-2039
bike25,25,ST-1270
bike25,25,ST-662
bike25,25,ST-1017
bike25,25,ST-2371
bike25,25,ST-1503
bike25,25,ST-2359
bike25,25,ST-77
bike25,25,ST-1186
bike25,25,ST-2006
bike25,25,ST-1855
bike25,25,ST-873
bike25,25,ST-1546
bike25,25,ST-759
bike25,25,ST-1185
bike25,25,ST-1019
bike25,25,ST-1164
bike25,25,ST-1495
bike25,25,ST-2007
bike26,26,ST-1163
bike26,26,ST-1541
bike26,26,ST-1965
bike26,26,ST-81
bike26,26,ST-1496
bike26,26,ST-1966
bike26,26,ST-1707
bike26,26,ST-1754
bike26,26,ST-1359
bike26,26,ST-1903
bike26,26,ST-1236
bike26,26,ST-1994
bike26,26,ST-1419
bike26,26,ST-1015
bike26,26,ST-727
bike26,26,ST-76
bike26,26,ST-1218
bike26,26,ST-1902
bike26,26,ST-1184
bike26,26,ST-1544
bike27,27,ST-1742
bike27,27,ST-1736
bike27,27,ST-83
bike27,27,ST-1976
bike27,27,ST-757
bike27,27,ST-1573
bike27,27,ST-667
bike27,27,ST-110
bike27,27,ST-1357
bike27,27,ST-669
bike27,27,ST-732
bike27,27,ST-1880
bike27,27,ST-2148
bike27,27,ST-1273
bike27,27,ST-1269
bike27,27,ST-1685
bike27,27,ST-663
bike27,27,ST-78
bike27,27,ST-991
bike27,27,ST-935
bike28,28,ST-1268
bike28,28,ST-2002
bike28,28,ST-758
bike28,28,ST-1733
bike28,28,ST-88
bike28,28,ST-2149
bike28,28,ST-1177
bike28,28,ST-80
bike28,28,ST-1182
bike28,28,ST-1914
bike28,28,ST-1158
bike28,28,ST-1350
bike28,28,ST-281
bike28,28,ST-2164
bike28,28,ST-84
bike28,28,ST-703
bike28,28,ST-981
bike28,28,ST-1320
bike28,28,ST-1702
bike28,28,ST-1542
bike29,29,ST-417
bike29,29,ST-810
bike29,29,ST-2391
bike29,29,ST-2150
bike29,29,ST-1964
bike29,29,ST-1879
bike29,29,ST-416
bike29,29,ST-86
bike29,29,ST-277
bike29,29,ST-673
bike29,29,ST-1222
bike29,29,ST-670
bike29,29,ST-1075
bike29,29,ST-762
bike29,29,ST-1221
bike29,29,ST-1904
bike29,29,ST-1889
bike29,29,ST-1274
bike29,29,ST-1854
bike29,29,ST-549
bike30,30,ST-1223
bike30,30,ST-1704
bike30,30,ST-1978
bike30,30,ST-782
bike30,30,ST-1220
bike30,30,ST-1076
bike30,30,ST-813
bike30,30,ST-803
bike30,30,ST-671
bike30,30,ST-292
bike30,30,ST-2368
bike30,30,ST-1574
bike30,30,ST-92
bike30,30,ST-2165
bike30,30,ST-90
bike30,30,ST-1679
bike30,30,ST-1553
bike30,30,ST-91
bike30,30,ST-664
bike30,30,ST-1237
bike31,31,ST-817
bike31,31,ST-1077
bike31,31,ST-1275
bike31,31,ST-956
bike31,31,ST-279
bike31,31,ST-968
bike31,31,ST-1913
bike31,31,ST-418
bike31,31,ST-930
bike31,31,ST-895
bike31,31,ST-280
bike31,31,ST-1305
bike31,31,ST-96
bike31,31,ST-1540
bike31,31,ST-838
bike31,31,ST-737
bike31,31,ST-1556
bike31,31,ST-1677
bike31,31,ST-1539
bike31,31,ST-282
bike32,32,ST-2410
bike32,32,ST-1992
bike32,32,ST-765
bike32,32,ST-823
bike32,32,ST-285
bike32,32,ST-1751
bike32,32,ST-278
bike32,32,ST-289
bike32,32,ST-1181
bike32,32,ST-819
bike32,32,ST-1897
bike32,32,ST-413
bike32,32,ST-1916
bike32,32,ST-1323
bike32,32,ST-1652
bike32,32,ST-85
bike32,32,ST-918
bike32,32,ST-733
bike32,32,ST-94
bike32,32,ST-1869
bike33,33,ST-897
bike33,33,ST-419
bike33,33,ST-1698
bike33,33,ST-95
bike33,33,ST-443
bike33,33,ST-294
bike33,33,ST-209
bike33,33,ST-2409
bike33,33,ST-1975
bike33,33,ST-960
bike33,33,ST-1853
bike33,33,ST-949
bike33,33,ST-1651
bike33,33,ST-1906
bike33,33,ST-1411
bike33,33,ST-2367
bike33,33,ST-694
bike33,33,ST-1697
bike33,33,ST-1852
bike33,33,ST-990
bike34,34,ST-1717
bike34,34,ST-1972
bike34,34,ST-286
bike34,34,ST-89
bike34,34,ST-1974
bike34,34,ST-1977
bike34,34,ST-1905
bike34,34,ST-1179
bike34,34,ST-804
bike34,34,ST-1881
bike34,34,ST-2166
bike34,34,ST-421
bike34,34,ST-304
bike34,34,ST-344
bike34,34,ST-1667
bike34,34,ST-1882
bike34,34,ST-1699
bike34,34,ST-1886
bike34,34,ST-1872
bike34,34,ST-290
bike35,35,ST-1151
bike35,35,ST-814
bike35,35,ST-761
bike35,35,ST-1716
bike35,35,ST-87
bike35,35,ST-422
bike35,35,ST-295
bike35,35,ST-303
bike35,35,ST-1985
bike35,35,ST-1858
bike35,35,ST-1410
bike35,35,ST-1929
bike35,35,ST-896
bike35,35,ST-1915
bike35,35,ST-82
bike35,35,ST-1543
bike35,35,ST-420
bike35,35,ST-2151
bike35,35,ST-2163
bike35,35,ST-93
bike36,36,ST-1650
bike36,36,ST-1577
bike36,36,ST-339
bike36,36,ST-738
bike36,36,ST-340
bike36,36,ST-839
bike36,36,ST-287
bike36,36,ST-2160
bike36,36,ST-426
bike36,36,ST-1924
bike36,36,ST-300
bike36,36,ST-1680
bike36,36,ST-1655
bike36,36,ST-688
bike36,36,ST-1034
bike36,36,ST-288
bike36,36,ST-808
bike36,36,ST-1900
bike36,36,ST-302
bike36,36,ST-350
bike37,37,ST-1793
bike37,37,ST-1353
bike37,37,ST-1973
bike37,37,ST-1991
bike37,37,ST-1700
bike37,37,ST-1968
bike37,37,ST-726
bike37,37,ST-1983
bike37,37,ST-807
bike37,37,ST-293
bike37,37,ST-1413
bike37,37,ST-1896
bike37,37,ST-1089
bike37,37,ST-1397
bike37,37,ST-1322
bike37,37,ST-1653
bike37,37,ST-728
bike37,37,ST-211
bike37,37,ST-208
bike37,37,ST-2361
bike38,38,ST-301
bike38,38,ST-2247
bike38,38,ST-1072
bike38,38,ST-349
bike38,38,ST-2207
bike38,38,ST-1674
bike38,38,ST-342
bike38,38,ST-1876
bike38,38,ST-701
bike38,38,ST-1649
bike38,38,ST-2425
bike38,38,ST-283
bike38,38,ST-1701
bike38,38,ST-1692
bike38,38,ST-1247
bike38,38,ST-1796
bike38,38,ST-746
bike38,38,ST-959
bike38,38,ST-751
bike38,38,ST-1794
bike38,38,ST-1990
bike39,39,ST-1020
bike39,39,ST-1160
bike39,39,ST-747
bike39,39,ST-928
bike39,39,ST-221
bike39,39,ST-463
bike39,39,ST-1706
bike39,39,ST-1494
bike39,39,ST-1986
bike39,39,ST-691
bike39,39,ST-966
bike39,39,ST-809
bike39,39,ST-35
bike39,39,ST-812
bike39,39,ST-291
bike39,39,ST-1729
bike39,39,ST-345
bike39,39,ST-226
bike39,39,ST-806
bike39,39,ST-1319
bike40,40,ST-740
bike40,40,ST-2369
bike40,40,ST-2252
bike40,40,ST-5
bike40,40,ST-2365
bike40,40,ST-696
bike40,40,ST-1967
bike40,40,ST-1912
bike40,40,ST-1405
bike40,40,ST-2156
bike40,40,ST-1859
bike40,40,ST-347
bike40,40,ST-695
bike40,40,ST-33
bike40,40,ST-2358
bike40,40,ST-2214
bike40,40,ST-414
bike40,40,ST-927
bike40,40,ST-284
bike40,40,ST-4
bike41,41,ST-933
bike41,41,ST-1554
bike41,41,ST-811
bike41,41,ST-222
bike41,41,ST-748
bike41,41,ST-2366
bike41,41,ST-1970
bike41,41,ST-815
bike41,41,ST-462
bike41,41,ST-8
bike41,41,ST-45
bike41,41,ST-2206
bike41,41,ST-1920
bike41,41,ST-1321
bike41,41,ST-1851
bike41,41,ST-1899
bike41,41,ST-306
bike41,41,ST-1969
bike41,41,ST-210
bike41,41,ST-1408
bike42,42,ST-212
bike42,42,ST-2208
bike42,42,ST-232
bike42,42,ST-6
bike42,42,ST-1480
bike42,42,ST-1728
bike42,42,ST-2257
bike42,42,ST-2357
bike42,42,ST-481
bike42,42,ST-479
bike42,42,ST-2356
bike42,42,ST-2264
bike42,42,ST-1367
bike42,42,ST-1911
bike42,42,ST-1926
bike42,42,ST-7
bike42,42,ST-299
bike42,42,ST-745
bike42,42,ST-1887
bike42,42,ST-690
bike43,43,ST-480
bike43,43,ST-224
bike43,43,ST-53
bike43,43,ST-455
bike43,43,ST-456
bike43,43,ST-787
bike43,43,ST-1178
bike43,43,ST-1355
bike43,43,ST-1414
bike43,43,ST-351
bike43,43,ST-1081
bike43,43,ST-2215
bike43,43,ST-546
bike43,43,ST-1870
bike43,43,ST-1910
bike43,43,ST-460
bike43,43,ST-909
bike43,43,ST-1036
bike43,43,ST-50
bike43,43,ST-1866
bike44,44,ST-750
bike44,44,ST-453
bike44,44,ST-2205
bike44,44,ST-1331
bike44,44,ST-697
bike44,44,ST-1153
bike44,44,ST-1079
bike44,44,ST-450
bike44,44,ST-59
bike44,44,ST-802
bike44,44,ST-1024
bike44,44,ST-1483
bike44,44,ST-1246
bike44,44,ST-687
bike44,44,ST-1070
bike44,44,ST-9
bike44,44,ST-51
bike44,44,ST-10
bike44,44,ST-2352
bike44,44,ST-1582
bike45,45,ST-1033
bike45,45,ST-341
bike45,45,ST-469
bike45,45,ST-1589
bike45,45,ST-223
bike45,45,ST-298
bike45,45,ST-11
bike45,45,ST-797
bike45,45,ST-1568
bike45,45,ST-1883
bike45,45,ST-1909
bike45,45,ST-1481
bike45,45,ST-805
bike45,45,ST-454
bike45,45,ST-1857
bike45,45,ST-2261
bike45,45,ST-1590
bike45,45,ST-693
bike45,45,ST-461
bike45,45,ST-305
bike46,46,ST-1329
bike46,46,ST-464
bike46,46,ST-932
bike46,46,ST-543
bike46,46,ST-2167
bike46,46,ST-2415
bike46,46,ST-46
bike46,46,ST-52
bike46,46,ST-1873
bike46,46,ST-1078
bike46,46,ST-1586
bike46,46,ST-892
bike46,46,ST-60
bike46,46,ST-1035
bike46,46,ST-478
bike46,46,ST-955
bike46,46,ST-553
bike46,46,ST-1585
bike46,46,ST-425
bike46,46,ST-2216
bike47,47,ST-475
bike47,47,ST-2211
bike47,47,ST-1479
bike47,47,ST-1730
bike47,47,ST-1908
bike47,47,ST-227
bike47,47,ST-1683
bike47,47,ST-2209
bike47,47,ST-470
bike47,47,ST-800
bike47,47,ST-1366
bike47,47,ST-459
bike47,47,ST-2157
bike47,47,ST-1161
bike47,47,ST-1875
bike47,47,ST-686
bike47,47,ST-692
bike47,47,ST-457
bike47,47,ST-1971
bike47,47,ST-539
bike48,48,ST-1245
bike48,48,ST-1864
bike48,48,ST-1868
bike48,48,ST-1486
bike48,48,ST-348
bike48,48,ST-16
bike48,48,ST-15
bike48,48,ST-540
bike48,48,ST-551
bike48,48,ST-296
bike48,48,ST-555
bike48,48,ST-2243
bike48,48,ST-788
bike48,48,ST-58
bike48,48,ST-2244
bike48,48,ST-2350
bike48,48,ST-2351
bike48,48,ST-1862
bike48,48,ST-1023
bike48,48,ST-700
bike49,49,ST-547
bike49,49,ST-2263
bike49,49,ST-57
bike49,49,ST-1088
bike49,49,ST-1038
bike49,49,ST-1874
bike49,49,ST-683
bike49,49,ST-1356
bike49,49,ST-56
bike49,49,ST-2353
bike49,49,ST-2168
bike49,49,ST-789
bike49,49,ST-1485
bike49,49,ST-20
bike49,49,ST-550
bike49,49,ST-2250
bike49,49,ST-548
bike49,49,ST-47
bike49,49,ST-220
bike49,49,ST-739
bike50,50,ST-307
bike50,50,ST-891
bike50,50,ST-14
bike50,50,ST-424
bike50,50,ST-62
bike50,50,ST-2354
bike50,50,ST-63
bike50,50,ST-749
bike50,50,ST-699
bike50,50,ST-1643
bike50,50,ST-685
bike50,50,ST-2349
bike50,50,ST-780
bike50,50,ST-1354
bike50,50,ST-449
bike50,50,ST-352
bike50,50,ST-877
bike50,50,ST-1150
bike50,50,ST-2253
bike50,50,ST-471
bike51,51,ST-908
bike51,51,ST-801
bike51,51,ST-1884
bike51,51,ST-1039
bike51,51,ST-451
bike51,51,ST-1086
bike51,51,ST-1365
bike51,51,ST-1584
bike51,51,ST-1885
bike51,51,ST-1029
bike51,51,ST-1025
bike51,51,ST-72
bike51,51,ST-55
bike51,51,ST-1545
bike51,51,ST-2210
bike51,51,ST-840
bike51,51,ST-799
bike51,51,ST-448
bike51,51,ST-2152
bike51,51,ST-12
bike52,52,ST-1719
bike52,52,ST-1169
bike52,52,ST-472
bike52,52,ST-1489
bike52,52,ST-61
bike52,52,ST-452
bike52,52,ST-1409
bike52,52,ST-1681
bike52,52,ST-1482
bike52,52,ST-1028
bike52,52,ST-1720
bike52,52,ST-2204
bike52,52,ST-66
bike52,52,ST-544
bike52,52,ST-1180
bike52,52,ST-2242
bike52,52,ST-71
bike52,52,ST-784
bike52,52,ST-1797
bike52,52,ST-1555
bike53,53,ST-2239
bike53,53,ST-786
bike53,53,ST-1190
bike53,53,ST-19
bike53,53,ST-962
bike53,53,ST-2240
bike53,53,ST-1705
bike53,53,ST-73
bike53,53,ST-473
bike53,53,ST-21
bike53,53,ST-231
bike53,53,ST-1087
bike53,53,ST-70
bike53,53,ST-1433
bike53,53,ST-1576
bike53,53,ST-963
bike53,53,ST-1490
bike53,53,ST-1031
bike53,53,ST-2245
bike53,53,ST-1171
bike54,54,ST-783
bike54,54,ST-961
bike54,54,ST-42
bike54,54,ST-69
bike54,54,ST-1575
bike54,54,ST-1644
bike54,54,ST-953
bike54,54,ST-68
bike54,54,ST-954
bike54,54,ST-1027
bike54,54,ST-23
bike54,54,ST-1032
bike54,54,ST-1172
bike54,54,ST-65
bike54,54,ST-1484
bike54,54,ST-2191
bike54,54,ST-1488
bike54,54,ST-335
bike54,54,ST-1588
bike54,54,ST-467
bike55,55,ST-22
bike55,55,ST-40
bike55,55,ST-207
bike55,55,ST-1923
bike55,55,ST-2153
bike55,55,ST-1682
bike55,55,ST-894
bike55,55,ST-542
bike55,55,ST-1487
bike55,55,ST-346
bike55,55,ST-343
bike55,55,ST-329
bike55,55,ST-64
bike55,55,ST-795
bike55,55,ST-790
bike55,55,ST-2169
bike55,55,ST-2184
bike55,55,ST-43
bike55,55,ST-442
bike55,55,ST-1173
bike56,56,ST-2241
bike56,56,ST-2179
bike56,56,ST-798
bike56,56,ST-2212
bike56,56,ST-1326
bike56,56,ST-2246
bike56,56,ST-2195
bike56,56,ST-297
bike56,56,ST-440
bike56,56,ST-1839
bike56,56,ST-2213
bike56,56,ST-465
bike56,56,ST-2187
bike56,56,ST-30
bike56,56,ST-1580
bike56,56,ST-1339
bike56,56,ST-1174
bike56,56,ST-32
bike56,56,ST-67
bike56,56,ST-1189
bike57,57,ST-2201
bike57,57,ST-24
bike57,57,ST-2262
bike57,57,ST-2146
bike57,57,ST-502
bike57,57,ST-1493
bike57,57,ST-27
bike57,57,ST-36
bike57,57,ST-26
bike57,57,ST-1687
bike57,57,ST-476
bike57,57,ST-29
bike57,57,ST-796
bike57,57,ST-1878
bike57,57,ST-1442
bike57,57,ST-1795
bike57,57,ST-1441
bike57,57,ST-1420
bike57,57,ST-777
bike57,57,ST-794
bike58,58,ST-28
bike58,58,ST-2259
bike58,58,ST-503
bike58,58,ST-38
bike58,58,ST-1848
bike58,58,ST-39
bike58,58,ST-792
bike58,58,ST-41
bike58,58,ST-37
bike58,58,ST-1865
bike58,58,ST-1047
bike58,58,ST-2194
bike58,58,ST-791
bike58,58,ST-1691
bike58,58,ST-17
bike58,58,ST-206
bike58,58,ST-1895
bike58,58,ST-1763
bike58,58,ST-1446
bike58,58,ST-1170
bike59,59,ST-2177
bike59,59,ST-2260
bike59,59,ST-204
bike59,59,ST-1491
bike59,59,ST-435
bike59,59,ST-541
bike59,59,ST-1693
bike59,59,ST-258
bike59,59,ST-330
bike59,59,ST-2202
bike59,59,ST-2217
bike59,59,ST-1843
bike59,59,ST-1443
bike59,59,ST-1344
bike59,59,ST-113
bike59,59,ST-205
bike59,59,ST-219
bike59,59,ST-216
bike59,59,ST-1675
bike59,59,ST-793
bike60,60,ST-203
bike60,60,ST-1663
bike60,60,ST-1764
bike60,60,ST-1370
bike60,60,ST-2196
bike60,60,ST-25
bike60,60,ST-1627
bike60,60,ST-201
bike60,60,ST-2154
bike60,60,ST-497
bike60,60,ST-218
bike60,60,ST-2218
bike60,60,ST-322
bike60,60,ST-99
bike60,60,ST-1343
bike60,60,ST-1422
bike60,60,ST-202
bike60,60,ST-257
bike60,60,ST-1327
bike60,60,ST-2176
bike61,61,ST-1492
bike61,61,ST-1445
bike61,61,ST-2200
bike61,61,ST-436
bike61,61,ST-2161
bike61,61,ST-505
bike61,61,ST-1824
bike61,61,ST-494
bike61,61,ST-200
bike61,61,ST-327
bike61,61,ST-334
bike61,61,ST-1188
bike61,61,ST-992
bike61,61,ST-1045
bike61,61,ST-1328
bike61,61,ST-1827
bike61,61,ST-1615
bike61,61,ST-213
bike61,61,ST-214
bike61,61,ST-2182
bike62,62,ST-2175
bike62,62,ST-2199
bike62,62,ST-183
bike62,62,ST-2188
bike62,62,ST-2172
bike62,62,ST-333
bike62,62,ST-2181
bike62,62,ST-1823
bike62,62,ST-938
bike62,62,ST-501
bike62,62,ST-2305
bike62,62,ST-1828
bike62,62,ST-332
bike62,62,ST-217
bike62,62,ST-180
bike62,62,ST-215
bike62,62,ST-988
bike62,62,ST-2171
bike62,62,ST-495
bike62,62,ST-2197
bike63,63,ST-1684
bike63,63,ST-255
bike63,63,ST-1046
bike63,63,ST-496
bike63,63,ST-2192
bike63,63,ST-1374
bike63,63,ST-1826
bike63,63,ST-354
bike63,63,ST-1436
bike63,63,ST-1341
bike63,63,ST-1825
bike63,63,ST-1838
bike63,63,ST-441
bike63,63,ST-2173
bike63,63,ST-233
bike63,63,ST-2314
bike63,63,ST-1369
bike63,63,ST-2198
bike63,63,ST-1044
bike63,63,ST-254
bike64,64,ST-1191
bike64,64,ST-102
bike64,64,ST-2174
bike64,64,ST-1822
bike64,64,ST-228
bike64,64,ST-1842
bike64,64,ST-446
bike64,64,ST-946
bike64,64,ST-378
bike64,64,ST-1841
bike64,64,ST-2423
bike64,64,ST-199
bike64,64,ST-98
bike64,64,ST-2019
bike64,64,ST-165
bike64,64,ST-326
bike64,64,ST-2219
bike64,64,ST-2302
bike64,64,ST-1800
bike64,64,ST-230
bike65,65,ST-2309
bike65,65,ST-493
bike65,65,ST-2174
bike65,65,ST-1765
bike65,65,ST-116
bike65,65,ST-331
bike65,65,ST-325
bike65,65,ST-1769
bike65,65,ST-117
bike65,65,ST-437
bike65,65,ST-2178
bike65,65,ST-167
bike65,65,ST-1768
bike65,65,ST-1083
bike65,65,ST-987
bike65,65,ST-1802
bike65,65,ST-438
bike65,65,ST-381
bike65,65,ST-1626
bike65,65,ST-123
bike66,66,ST-1376
bike66,66,ST-2189
bike66,66,ST-1761
bike66,66,ST-439
bike66,66,ST-2308
bike66,66,ST-256
bike66,66,ST-1660
bike66,66,ST-377
bike66,66,ST-1325
bike66,66,ST-328
bike66,66,ST-1619
bike66,66,ST-972
bike66,66,ST-1661
bike66,66,ST-941
bike66,66,ST-984
bike66,66,ST-1770
bike66,66,ST-106
bike66,66,ST-1342
bike66,66,ST-1837
bike66,66,ST-978
bike67,67,ST-1803
bike67,67,ST-185
bike67,67,ST-122
bike67,67,ST-194
bike67,67,ST-366
bike67,67,ST-118
bike67,67,ST-124
bike67,67,ST-1324
bike67,67,ST-485
bike67,67,ST-1836
bike67,67,ST-1834
bike67,67,ST-1670
bike67,67,ST-1771
bike67,67,ST-1690
bike67,67,ST-107
bike67,67,ST-119
bike67,67,ST-2183
bike67,67,ST-977
bike67,67,ST-324
bike67,67,ST-1429
bike68,68,ST-127
bike68,68,ST-121
bike68,68,ST-1611
bike68,68,ST-974
bike68,68,ST-1199
bike68,68,ST-973
bike68,68,ST-1774
bike68,68,ST-357
bike68,68,ST-1378
bike68,68,ST-125
bike68,68,ST-1790
bike68,68,ST-2334
bike68,68,ST-375
bike68,68,ST-112
bike68,68,ST-2190
bike68,68,ST-362
bike68,68,ST-2407
bike68,68,ST-126
bike68,68,ST-182
bike68,68,ST-120
bike69,69,ST-1756
bike69,69,ST-506
bike69,69,ST-979
bike69,69,ST-1772
bike69,69,ST-1379
bike69,69,ST-1271
bike69,69,ST-1776
bike69,69,ST-368
bike69,69,ST-108
bike69,69,ST-487
bike69,69,ST-130
bike69,69,ST-239
bike69,69,ST-2310
bike69,69,ST-140
bike69,69,ST-181
bike69,69,ST-1620
bike69,69,ST-1775
bike69,69,ST-2332
bike69,69,ST-1773
bike69,69,ST-1721
bike70,70,ST-2341
bike70,70,ST-1804
bike70,70,ST-1061
bike70,70,ST-1759
bike70,70,ST-486
bike70,70,ST-1777
bike70,70,ST-336
bike70,70,ST-1722
bike70,70,ST-137
bike70,70,ST-132
bike70,70,ST-1668
bike70,70,ST-134
bike70,70,ST-387
bike70,70,ST-1192
bike70,70,ST-1805
bike70,70,ST-136
bike70,70,ST-482
bike70,70,ST-1599
bike70,70,ST-384
bike70,70,ST-105
bike71,71,ST-2330
bike71,71,ST-138
bike71,71,ST-1042
bike71,71,ST-1835
bike71,71,ST-1621
bike71,71,ST-168
bike71,71,ST-111
bike71,71,ST-388
bike71,71,ST-143
bike71,71,ST-2303
bike71,71,ST-1043
bike71,71,ST-1607
bike71,71,ST-144
bike71,71,ST-147
bike71,71,ST-148
bike71,71,ST-169
bike71,71,ST-142
bike71,71,ST-2320
bike71,71,ST-145
bike71,71,ST-97
bike72,72,ST-170
bike72,72,ST-371
bike72,72,ST-245
bike72,72,ST-445
bike72,72,ST-2318
bike72,72,ST-1829
bike72,72,ST-364
bike72,72,ST-1435
bike72,72,ST-150
bike72,72,ST-826
bike72,72,ST-1193
bike72,72,ST-1807
bike72,72,ST-151
bike72,72,ST-104
bike72,72,ST-1437
bike72,72,ST-1789
bike72,72,ST-152
bike72,72,ST-1778
bike72,72,ST-2321
bike72,72,ST-365
bike73,73,ST-246
bike73,73,ST-238
bike73,73,ST-944
bike73,73,ST-154
bike73,73,ST-1819
bike73,73,ST-492
bike73,73,ST-382
bike73,73,ST-153
bike73,73,ST-109
bike73,73,ST-1634
bike73,73,ST-1766
bike73,73,ST-1816
bike73,73,ST-2424
bike73,73,ST-1809
bike73,73,ST-1664
bike73,73,ST-103
bike73,73,ST-114
bike73,73,ST-1808
bike73,73,ST-943
bike73,73,ST-1432
bike74,74,ST-1603
bike74,74,ST-1438
bike74,74,ST-155
bike74,74,ST-1846
bike74,74,ST-173
bike74,74,ST-1817
bike74,74,ST-986
bike74,74,ST-1810
bike74,74,ST-1602
bike74,74,ST-370
bike74,74,ST-1457
bike74,74,ST-1206
bike74,74,ST-1428
bike74,74,ST-1779
bike74,74,ST-337
bike74,74,ST-174
bike74,74,ST-2427
bike74,74,ST-499
bike74,74,ST-1040
bike74,74,ST-498
bike75,75,ST-161
bike75,75,ST-1811
bike75,75,ST-1622
bike75,75,ST-1195
bike75,75,ST-156
bike75,75,ST-1424
bike75,75,ST-259
bike75,75,ST-172
bike75,75,ST-1760
bike75,75,ST-240
bike75,75,ST-1818
bike75,75,ST-385
bike75,75,ST-2312
bike75,75,ST-1606
bike75,75,ST-444
bike75,75,ST-361
bike75,75,ST-157
bike75,75,ST-1053
bike75,75,ST-1820
bike75,75,ST-1659
bike76,76,ST-1194
bike76,76,ST-1456
bike76,76,ST-2326
bike76,76,ST-1801
bike76,76,ST-187
bike76,76,ST-158
bike76,76,ST-1767
bike76,76,ST-338
bike76,76,ST-2408
bike76,76,ST-1830
bike76,76,ST-562
bike76,76,ST-488
bike76,76,ST-1605
bike76,76,ST-1783
bike76,76,ST-171
bike76,76,ST-1623
bike76,76,ST-195
bike76,76,ST-560
bike76,76,ST-1786
bike76,76,ST-247
bike77,77,ST-1052
bike77,77,ST-2317
bike77,77,ST-1785
bike77,77,ST-186
bike77,77,ST-1845
bike77,77,ST-159
bike77,77,ST-160
bike77,77,ST-1617
bike77,77,ST-1439
bike77,77,ST-1833
bike77,77,ST-2331
bike77,77,ST-825
bike77,77,ST-1799
bike77,77,ST-196
bike77,77,ST-842
bike77,77,ST-1608
bike77,77,ST-197
bike77,77,ST-490
bike77,77,ST-1832
bike77,77,ST-1421
bike78,78,ST-1780
bike78,78,ST-188
bike78,78,ST-1372
bike78,78,ST-1610
bike78,78,ST-1384
bike78,78,ST-1383
bike78,78,ST-253
bike78,78,ST-1782
bike78,78,ST-1593
bike78,78,ST-1831
bike78,78,ST-1048
bike78,78,ST-1762
bike78,78,ST-2338
bike78,78,ST-1207
bike78,78,ST-2124
bike78,78,ST-2339
bike78,78,ST-163
bike78,78,ST-1598
bike78,78,ST-2327
bike78,78,ST-162
bike79,79,ST-1049
bike79,79,ST-1662
bike79,79,ST-2402
bike79,79,ST-864
bike79,79,ST-1387
bike79,79,ST-931
bike79,79,ST-1058
bike79,79,ST-1781
bike79,79,ST-241
bike79,79,ST-2325
bike79,79,ST-1050
bike79,79,ST-1850
bike79,79,ST-1263
bike79,79,ST-967
bike79,79,ST-248
bike79,79,ST-1812
bike79,79,ST-559
bike79,79,ST-1131
bike79,79,ST-1388
bike79,79,ST-2229
bike80,80,ST-645
bike80,80,ST-1200
bike80,80,ST-2343
bike80,80,ST-1614
bike80,80,ST-363
bike80,80,ST-1595
bike80,80,ST-2103
bike80,80,ST-2333
bike80,80,ST-1389
bike80,80,ST-1798
bike80,80,ST-500
bike80,80,ST-2102
bike80,80,ST-1788
bike80,80,ST-2133
bike80,80,ST-1616
bike80,80,ST-249
bike80,80,ST-1208
bike80,80,ST-252
bike80,80,ST-491
bike80,80,ST-1386
bike81,81,ST-360
bike81,81,ST-1849
bike81,81,ST-2136
bike81,81,ST-1813
bike81,81,ST-651
bike81,81,ST-243
bike81,81,ST-1056
bike81,81,ST-1787
bike81,81,ST-652
bike81,81,ST-1814
bike81,81,ST-1815
bike81,81,ST-1618
bike81,81,ST-175
bike81,81,ST-178
bike81,81,ST-374
bike81,81,ST-394
bike81,81,ST-2420
bike81,81,ST-1371
bike81,81,ST-189
bike81,81,ST-1844
bike82,82,ST-1601
bike82,82,ST-1669
bike82,82,ST-654
bike82,82,ST-1423
bike82,82,ST-193
bike82,82,ST-1054
bike82,82,ST-1298
bike82,82,ST-1390
bike82,82,ST-1266
bike82,82,ST-1201
bike82,82,ST-1597
bike82,82,ST-1840
bike82,82,ST-947
bike82,82,ST-1216
bike82,82,ST-2225
bike82,82,ST-1051
bike82,82,ST-237
bike82,82,ST-198
bike82,82,ST-2226
bike82,82,ST-1594
bike83,83,ST-386
bike83,83,ST-504
bike83,83,ST-2329
bike83,83,ST-236
bike83,83,ST-2235
bike83,83,ST-1347
bike83,83,ST-2135
bike83,83,ST-2342
bike83,83,ST-1197
bike83,83,ST-2123
bike83,83,ST-190
bike83,83,ST-242
bike83,83,ST-1454
bike83,83,ST-1391
bike83,83,ST-2227
bike83,83,ST-644
bike83,83,ST-2340
bike83,83,ST-2221
bike83,83,ST-1440
bike83,83,ST-359
bike83,83,ST-1686
bike84,84,ST-1392
bike84,84,ST-1300
bike84,84,ST-1102
bike84,84,ST-1460
bike84,84,ST-2337
bike84,84,ST-372
bike84,84,ST-383
bike84,84,ST-410
bike84,84,ST-447
bike84,84,ST-1198
bike84,84,ST-2234
bike84,84,ST-2403
bike84,84,ST-985
bike84,84,ST-235
bike84,84,ST-1455
bike84,84,ST-1609
bike84,84,ST-1211
bike84,84,ST-1202
bike84,84,ST-1210
bike84,84,ST-2335
bike85,85,ST-2134
bike85,85,ST-1427
bike85,85,ST-2271
bike85,85,ST-176
bike85,85,ST-376
bike85,85,ST-2268
bike85,85,ST-650
bike85,85,ST-1059
bike85,85,ST-1459
bike85,85,ST-1055
bike85,85,ST-250
bike85,85,ST-1104
bike85,85,ST-398
bike85,85,ST-358
bike85,85,ST-177
bike85,85,ST-244
bike85,85,ST-1726
bike85,85,ST-393
bike85,85,ST-2233
bike85,85,ST-1212
bike86,86,ST-251
bike86,86,ST-2272
bike86,86,ST-272
bike86,86,ST-563
bike86,86,ST-379
bike86,86,ST-234
bike86,86,ST-409
bike86,86,ST-262
bike86,86,ST-1217
bike86,86,ST-1109
bike86,86,ST-863
bike86,86,ST-1215
bike86,86,ST-369
bike86,86,ST-1630
bike86,86,ST-648
bike86,86,ST-2275
bike86,86,ST-1103
bike86,86,ST-1100
bike86,86,ST-264
bike86,86,ST-2269
bike87,87,ST-852
bike87,87,ST-2284
bike87,87,ST-276
bike87,87,ST-1101
bike87,87,ST-643
bike87,87,ST-590
bike87,87,ST-265
bike87,87,ST-2137
bike87,87,ST-646
bike87,87,ST-389
bike87,87,ST-1293
bike87,87,ST-392
bike87,87,ST-1095
bike87,87,ST-271
bike87,87,ST-948
bike87,87,ST-408
bike87,87,ST-270
bike87,87,ST-647
bike87,87,ST-2125
bike87,87,ST-862
bike88,88,ST-2116
bike88,88,ST-573
bike88,88,ST-261
bike88,88,ST-2298
bike88,88,ST-274
bike88,88,ST-1629
bike88,88,ST-273
bike88,88,ST-2278
bike88,88,ST-2405
bike88,88,ST-1633
bike88,88,ST-1449
bike88,88,ST-2132
bike88,88,ST-2113
bike88,88,ST-827
bike88,88,ST-1129
bike88,88,ST-2273
bike88,88,ST-1447
bike88,88,ST-1105
bike88,88,ST-1665
bike88,88,ST-397
bike89,89,ST-1638
bike89,89,ST-2126
bike89,89,ST-592
bike89,89,ST-2277
bike89,89,ST-1096
bike89,89,ST-2112
bike89,89,ST-2099
bike89,89,ST-2106
bike89,89,ST-1636
bike89,89,ST-1632
bike89,89,ST-2281
bike89,89,ST-1452
bike89,89,ST-2279
bike89,89,ST-1203
bike89,89,ST-395
bike89,89,ST-1466
bike89,89,ST-2274
bike89,89,ST-1110
bike89,89,ST-1631
bike89,89,ST-390
bike90,90,ST-2119
bike90,90,ST-597
bike90,90,ST-595
bike90,90,ST-849
bike90,90,ST-400
bike90,90,ST-268
bike90,90,ST-860
bike90,90,ST-1296
bike90,90,ST-2127
bike90,90,ST-2110
bike90,90,ST-407
bike90,90,ST-2117
bike90,90,ST-861
bike90,90,ST-2276
bike90,90,ST-616
bike90,90,ST-859
bike90,90,ST-275
bike90,90,ST-2300
bike90,90,ST-2301
bike90,90,ST-405
bike91,91,ST-1724
bike91,91,ST-406
bike91,91,ST-1725
bike91,91,ST-1335
bike91,91,ST-1758
bike91,91,ST-1628
bike91,91,ST-589
bike91,91,ST-942
bike91,91,ST-2406
bike91,91,ST-1317
bike91,91,ST-2238
bike91,91,ST-391
bike91,91,ST-396
bike91,91,ST-655
bike91,91,ST-269
bike91,91,ST-2130
bike91,91,ST-1723
bike91,91,ST-2267
bike91,91,ST-266
bike91,91,ST-1468
bike92,92,ST-1469
bike92,92,ST-2401
bike92,92,ST-1381
bike92,92,ST-658
bike92,92,ST-404
bike92,92,ST-402
bike92,92,ST-260
bike92,92,ST-2270
bike92,92,ST-403
bike92,92,ST-2129
bike92,92,ST-1458
bike92,92,ST-567
bike92,92,ST-1097
bike92,92,ST-575
bike92,92,ST-1297
bike92,92,ST-1098
bike92,92,ST-1637
bike92,92,ST-565
bike92,92,ST-1302
bike92,92,ST-615
bike93,93,ST-1380
bike93,93,ST-1107
bike93,93,ST-2282
bike93,93,ST-910
bike93,93,ST-2107
bike93,93,ST-1334
bike93,93,ST-912
bike93,93,ST-2089
bike93,93,ST-566
bike93,93,ST-1671
bike93,93,ST-2294
bike93,93,ST-2222
bike93,93,ST-1465
bike93,93,ST-1625
bike93,93,ST-1463
bike93,93,ST-2283
bike93,93,ST-916
bike93,93,ST-2096
bike93,93,ST-1464
bike93,93,ST-2280
bike94,94,ST-2091
bike94,94,ST-1332
bike94,94,ST-2299
bike94,94,ST-1467
bike94,94,ST-2295
bike94,94,ST-1295
bike94,94,ST-1130
bike94,94,ST-2093
bike94,94,ST-1099
bike94,94,ST-1108
bike94,94,ST-1135
bike94,94,ST-1451
bike94,94,ST-401
bike94,94,ST-1093
bike94,94,ST-1375
bike94,94,ST-2101
bike94,94,ST-1094
bike94,94,ST-2069
bike94,94,ST-599
bike94,94,ST-1745
bike95,95,ST-2083
bike95,95,ST-568
bike95,95,ST-2285
bike95,95,ST-1462
bike95,95,ST-1299
bike95,95,ST-854
bike95,95,ST-614
bike95,95,ST-2120
bike95,95,ST-1461
bike95,95,ST-1385
bike95,95,ST-2293
bike95,95,ST-2266
bike95,95,ST-657
bike95,95,ST-857
bike95,95,ST-2094
bike95,95,ST-561
bike95,95,ST-1746
bike95,95,ST-1434
bike95,95,ST-267
bike95,95,ST-2265
bike96,96,ST-572
bike96,96,ST-574
bike96,96,ST-1292
bike96,96,ST-594
bike96,96,ST-2104
bike96,96,ST-2095
bike96,96,ST-856
bike96,96,ST-2291
bike96,96,ST-1106
bike96,96,ST-569
bike96,96,ST-855
bike96,96,ST-1345
bike96,96,ST-1137
bike96,96,ST-1136
bike96,96,ST-2097
bike96,96,ST-1133
bike96,96,ST-588
bike96,96,ST-571
bike96,96,ST-2115
bike96,96,ST-2231
bike97,97,ST-593
bike97,97,ST-2236
bike97,97,ST-586
bike97,97,ST-2079
bike97,97,ST-847
bike97,97,ST-2062
bike97,97,ST-601
bike97,97,ST-613
bike97,97,ST-1346
bike97,97,ST-1132
bike97,97,ST-579
bike97,97,ST-2289
bike97,97,ST-580
bike97,97,ST-1470
bike97,97,ST-2237
bike97,97,ST-2286
bike97,97,ST-570
bike97,97,ST-1213
bike97,97,ST-2290
bike97,97,ST-2088
bike98,98,ST-1204
bike98,98,ST-2223
bike98,98,ST-869
bike98,98,ST-1119
bike98,98,ST-1120
bike98,98,ST-612
bike98,98,ST-1348
bike98,98,ST-585
bike98,98,ST-596
bike98,98,ST-868
bike98,98,ST-1289
bike98,98,ST-1288
bike98,98,ST-578
bike98,98,ST-2288
bike98,98,ST-2292
bike98,98,ST-853
bike98,98,ST-600
bike98,98,ST-2075
bike98,98,ST-2073
bike98,98,ST-558
bike99,99,ST-602
bike99,99,ST-584
bike99,99,ST-1333
bike99,99,ST-1476
bike99,99,ST-2074
bike99,99,ST-1280
bike99,99,ST-1640
bike99,99,ST-583
bike99,99,ST-1291
bike99,99,ST-2063
bike99,99,ST-1641
bike99,99,ST-1111
bike99,99,ST-1639
bike99,99,ST-1125
bike99,99,ST-603
bike99,99,ST-2232
bike99,99,ST-2287
bike99,99,ST-1279
bike99,99,ST-587
bike99,99,ST-577
bike99,99,ST-1474
bike100,100,ST-1118
bike100,100,ST-970
bike100,100,ST-1290
bike100,100,ST-2087
bike100,100,ST-735
bike100,100,ST-2076
bike100,100,ST-1285
bike100,100,ST-1394
bike100,100,ST-2061
bike100,100,ST-866
bike100,100,ST-1349
bike100,100,ST-606
bike100,100,ST-964
bike100,100,ST-2068
bike100,100,ST-971
bike100,100,ST-1121
bike100,100,ST-913
bike100,100,ST-610
bike100,100,ST-1740
bike100,100,ST-611
bike101,101,ST-1286
bike101,101,ST-2086
bike101,101,ST-2081
bike101,101,ST-1672
bike101,101,ST-1396
bike101,101,ST-1123
bike101,101,ST-1642
bike101,101,ST-2067
bike101,101,ST-605
bike101,101,ST-2066
bike101,101,ST-1395
bike101,101,ST-1128
bike101,101,ST-1124
bike101,101,ST-2085
bike101,101,ST-1114
bike101,101,ST-2078
bike101,101,ST-1278
bike101,101,ST-1281
bike101,101,ST-604
bike101,101,ST-867
bike102,102,ST-1425
bike102,102,ST-1127
bike102,102,ST-1283
bike102,102,ST-2071
bike102,102,ST-1287
bike102,102,ST-1281
bike102,102,ST-1284
bike102,102,ST-1282
bike102,102,ST-1475
bike102,102,ST-2070
bike102,102,ST-1473
bike102,102,ST-1426
bike102,102,ST-914
bike102,102,ST-1122
bike102,102,ST-736
bike102,102,ST-609
bike102,102,ST-608
bike102,102,ST-2077
